incall_exten,entity_id,cti_profile_name,line_protocol,exten,voicemail_name,voicemail_attach_audio,mobile_phone_number,sip_username,supervision_enabled,sip_secret,simultaneous_calls,username,voicemail_number,firstname,ring_seconds,lastname,outgoing_caller_id,call_transfer_enabled,voicemail_ask_password,incall_ring_seconds,password,voicemail_delete_messages,language,voicemail_password,cti_profile_enabled,voicemail_email,context,voicemail_context,incall_context
6000,1,Client,sip,6000,ôvéréstïmàtïôn,1,1566552026,,1,,7,aB7d70Dd,6000,nïxôn,5,àççéntéd,"""àrïdïty çàp"" <4709717540>",0,0,12,Ccd3adf6,1,de_DE,9453,0,email@example.com,default,default,from-extern
6001,1,Supervisor,sip,6001,révïvàl,0,8419825681,7EA9eD7a,1,789aba5B,13,a0F8d3ee,6001,vïénnésé,50,pàràsympàthétïç,"""brïmfùl émùlàtéd"" <7966485760>",0,1,5,B52E96F4,0,de_DE,2479,1,email@example.com,default,default,from-extern
6002,1,Switchboard,sip,6002,dùnhàm,0,4021361614,eb50d3Ec,0,aFB0cdF8,18,1648de1a,6002,léttérmàn,30,délïçàçy's,"""wàshés éléçtrôénçéphàlôgràphy"" <1570076649>",0,0,52,E994Da16,1,fr_FR,1441,0,email@example.com,default,default,from-extern
6003,1,Switchboard,sccp,6003,hàïrçùt,0,5443294267,,0,,9,DE7Ec1ba,6003,sàlvés,0,séçôndly,"""ôùtçrïés héll"" <1343443255>",1,1,28,146eAa00,1,fr_FR,3598,0,email@example.com,default,default,from-extern
6004,1,Supervisor,sccp,6004,pùssy,1,9815276922,,0,,15,BB693C5A,6004,çômmôdïôùs,55,fïné,"""çôùnçïlwômén wàlrùs"" <3487944964>",1,1,40,2BAedaeE,0,en_US,1446,1,email@example.com,default,default,from-extern
6005,1,Client,sip,6005,hônk,1,2988071156,,0,,2,b6Ef7dfa,6005,çrïspïn,55,màrk,"""çùlts çhrïsténsén"" <0138469967>",0,0,48,a04D82D3,0,fr_CA,9518,1,email@example.com,default,default,from-extern
6006,1,Supervisor,sip,6006,çùrféws,1,4910443971,f2B6A0FA,0,9e4BA7Eb,6,Bcd2E2Bf,6006,ïnspïràtïôn's,40,àrrôgàtïôn,"""çôntrïbùtôrs théôrétïçïàn"" <1870637436>",0,0,17,DC3Fd7eE,1,fr_CA,6092,0,email@example.com,default,default,from-extern
6007,1,Agent,sip,6007,làwgïvér,0,2088645022,AE63afef,0,9b15aa26,15,0D4ccD2F,6007,mïstàkés,10,lôblôlly,"""ùnçàpïtàlïzéd sqùàd"" <6719606936>",0,0,47,CBBbCA9E,0,fr_FR,8505,1,email@example.com,default,default,from-extern
6008,1,Switchboard,sip,6008,pértàïn,0,0144236711,,1,,6,bCCD7C35,6008,dôùblôôn,45,bànqùéts,"""çàpsïzé bàtéàù"" <0983569643>",1,0,14,7Fe3f5Be,1,de_DE,9048,1,email@example.com,default,default,from-extern
6009,1,Supervisor,sccp,6009,syçôphànt,0,2149413986,,1,,11,C9f08E25,6009,çrïpplé,5,gùnnér,"""àxôns çàrdïnàlïtys"" <6938596995>",1,0,38,3A92f17a,1,fr_CA,6381,1,email@example.com,default,default,from-extern
6010,1,Supervisor,sip,6010,çhït,1,3400527627,A9a53CB9,1,d528FE4A,17,Dbcc92cF,6010,mérvïn,35,pérsùàdïng,"""lôôtér ïnçùmbént"" <0641203470>",1,0,22,4eD1dDE6,1,fr_FR,7594,0,email@example.com,default,default,from-extern
6011,1,Supervisor,sip,6011,dàwn,0,3127025128,C3f049ca,1,c9a61884,9,C00BAf17,6011,stréàk,5,spéçtôr,"""éàrmàrkéd dôlphïns"" <6906222908>",1,0,5,96a2b2ee,1,fr_FR,5352,0,email@example.com,default,default,from-extern
6012,1,Supervisor,sip,6012,stùdént,1,3401737301,c9310c8f,1,bF71E56C,15,1DEAFe85,6012,swïftnéss,35,pérsônïfïéd,"""kéypàd lôqùàçïty"" <7724922470>",1,0,37,aD6aAc2b,0,fr_CA,6269,0,email@example.com,default,default,from-extern
6013,1,Agent,sip,6013,réàlm's,0,7778657340,,0,,10,e6a1eCc4,6013,hônéydéw,0,bànàl,"""rôpé bàlé"" <2267989977>",0,0,24,DBF3594A,0,fr_FR,3508,1,email@example.com,default,default,from-extern
6014,1,Supervisor,sip,6014,rïléy,1,4763419881,3a5c36a9,1,BF1E7BB6,13,aEEEFEc5,6014,àlvéôlï,55,régùlàtôr,"""ïntéràçtéd ïnstàllmént"" <4745242035>",0,0,30,25203D84,0,fr_FR,4840,0,email@example.com,default,default,from-extern
6015,1,Agent,sccp,6015,çértïfïçàtïôns,1,0173644214,,0,,11,07A9Ad13,6015,àntïbïôtïçs,35,éffïçàçïôùs,"""vïsôr àltôgéthér"" <9064377482>",0,0,1,ab82dA1A,1,en_US,3664,1,email@example.com,default,default,from-extern
6016,1,Supervisor,sip,6016,çùp,1,2317067551,1FEbb6dA,0,dAca1c6A,13,38D94287,6016,wôùnd,55,réçéïvéd,"""sçhémé blïnds"" <7435607362>",1,1,15,a3CcB0Cf,0,de_DE,9714,1,email@example.com,default,default,from-extern
6017,1,Supervisor,sccp,6017,àllégé,0,6262600338,,0,,8,f5AD2FC0,6017,shùnnïng,50,àçréàgé,"""çénts tïtùlàr"" <7546733368>",0,0,55,Eb3B3ED1,0,de_DE,6563,1,email@example.com,default,default,from-extern
6018,1,Agent,sip,6018,fôlïàgé,1,5394556180,fcBFA80B,0,deDafdEb,9,b706c1e9,6018,hùstôn,25,blùrréd,"""pàpàl rùngé"" <0585675522>",1,1,59,60A4Bf5a,0,fr_FR,9751,0,email@example.com,default,default,from-extern
6019,1,Client,sip,6019,jàvélïn,0,8657519188,,0,,2,6ad9bF4c,6019,hérôn,10,gàbôn,"""mànômétér tônéd"" <1439419325>",1,0,3,63cFA3f5,0,de_DE,8296,1,email@example.com,default,default,from-extern
6020,1,Switchboard,sip,6020,tônnàgé,1,0572867064,,0,,14,dBdFDC53,6020,snôré,30,çrànkéd,"""tïçkïng réçônfïgùrér"" <4667686753>",0,1,29,7EFeEc9A,0,en_US,4945,1,email@example.com,default,default,from-extern
6021,1,Switchboard,sip,6021,hïspànïç,0,1026847805,,1,,6,93ea191B,6021,çôwôrkér,10,ébôny,"""dïàgràmmàblé éffïçïéntly"" <8738280626>",0,1,21,8ceACB9d,0,de_DE,8033,0,email@example.com,default,default,from-extern
6022,1,Client,sip,6022,çômbïng,0,1510865178,fbf05edd,1,7ED51DB9,10,AC5b0ff4,6022,làtéràl,10,wômbs,"""spùrgé hymns"" <6298405694>",0,1,32,495aef64,0,en_US,8250,0,email@example.com,default,default,from-extern
6023,1,Client,sccp,6023,àvéngér,1,4918265735,,0,,13,5A5f6dbf,6023,rélôçàté,45,métïng,"""bôùqùéts éyélïds"" <6331202316>",1,0,27,8e6ad93C,1,de_DE,4345,1,email@example.com,default,default,from-extern
6024,1,Supervisor,sip,6024,çhùb,1,8070979900,6CA38D51,1,E9Fe700D,15,DB784C7d,6024,àtônés,45,rôùtérs,"""sàbrà dévélôpïng"" <3926659193>",1,0,7,fdA10dCf,1,en_US,5765,1,email@example.com,default,default,from-extern
6025,1,Switchboard,sccp,6025,sàd,0,8868876804,,0,,10,38aF95d2,6025,résônàté,40,rïpôff,"""ïnsïnùàtés élmér"" <1807690849>",0,1,22,6340C8e4,0,fr_CA,7231,0,email@example.com,default,default,from-extern
6026,1,Switchboard,sccp,6026,béôwùlf,1,8301419842,,0,,19,F87F193d,6026,ïsômôrphïç,25,làyéréd,"""çhééks màlléàblé"" <3863952720>",1,1,21,874bA9b6,1,de_DE,2936,0,email@example.com,default,default,from-extern
6027,1,Switchboard,sccp,6027,çàlïfôrnïà,0,5391291527,,1,,9,5d136A8d,6027,ùnïpléx,15,ïmplàçàblé,"""rùth àbôùt"" <6571423322>",1,1,24,b0a33C62,1,en_US,3196,0,email@example.com,default,default,from-extern
6028,1,Supervisor,sip,6028,ïdéàlïzïng,0,3421976203,,0,,16,063c7B75,6028,ésçrïtôïré,35,nïppôn,"""ôffénds vïgïlànté"" <1262631813>",0,0,12,8f7E8AF9,1,en_US,5990,0,email@example.com,default,default,from-extern
6029,1,Agent,sccp,6029,môé,0,8732349266,,0,,16,6Db30ce9,6029,dïsïllùsïônmént,30,ïntrùdé,"""bùllïés hàvïng"" <0422047710>",1,0,52,E8cc81b7,1,fr_FR,4844,1,email@example.com,default,default,from-extern
6030,1,Supervisor,sccp,6030,phlôém,1,6108043080,,1,,3,772e5B76,6030,évérythïng,10,çhïvàlry,"""rïsérs sùspïçïôùs"" <7114661194>",0,1,10,EAA1da32,0,fr_FR,9790,1,email@example.com,default,default,from-extern
6031,1,Client,sccp,6031,àbrïdgéd,1,3369499426,,0,,5,9b25E2CA,6031,çlùstérïng,25,bùntéd,"""prôhïbïts çônsïgnôr"" <9738128122>",1,1,35,05F0Ef78,1,en_US,3360,1,email@example.com,default,default,from-extern
6032,1,Switchboard,sccp,6032,sïngùlàrïtïés,1,2772784011,,1,,17,2EC1eDbd,6032,çàldér,0,àppéàrérs,"""dàdà ïndïçtér"" <1160531495>",0,0,24,cF3A9BC9,0,fr_FR,4282,0,email@example.com,default,default,from-extern
6033,1,Switchboard,sccp,6033,dyérs,1,7100393733,,1,,7,fD0838e3,6033,gràtïfïçàtïôn,15,sôphôçléàn,"""çàùstïçly spïrïtéd"" <3670852860>",1,0,57,4970a9CC,1,en_US,8941,0,email@example.com,default,default,from-extern
6034,1,Supervisor,sccp,6034,sïmplïfïés,0,9360080909,,1,,14,3DDaC06e,6034,sçréàméd,20,hùnçh,"""skïppérs àtypïç"" <4539510826>",1,1,13,DF0Db3d8,1,de_DE,1097,1,email@example.com,default,default,from-extern
6035,1,Agent,sip,6035,ôçtàvïà,0,3018499609,9ee733ca,1,3807AbEc,10,03D07CeA,6035,yôù'ré,40,pôtômàç,"""brôàdénïng hàngmén"" <7750119494>",1,0,52,B5AD4fB8,0,de_DE,2001,0,email@example.com,default,default,from-extern
6036,1,Switchboard,sccp,6036,àngér,0,7470143290,,1,,4,8ffAb5ab,6036,énlïghténéd,40,dïstùrbïng,"""dépénds qùïvérïng"" <7190971957>",0,0,40,8667de3D,1,fr_FR,7173,1,email@example.com,default,default,from-extern
6037,1,Switchboard,sccp,6037,stàmpér,1,9093361510,,1,,11,61D0ef07,6037,férmïôn,45,ànné,"""hùggïng épïtàxïàl"" <3796174682>",1,1,18,DE41Ac6f,1,fr_CA,6046,0,email@example.com,default,default,from-extern
6038,1,Agent,sip,6038,nùmérïçàlly,1,7039336159,2fcC91dB,0,eBE93b77,2,dB1CDE76,6038,téçhnïçïàn's,25,çrïb,"""héàdstrông wôôdpéçkérs"" <3898500084>",1,0,56,9761ec9A,1,fr_CA,0381,1,email@example.com,default,default,from-extern
6039,1,Agent,sip,6039,strïppïng,1,1106724946,0FD83Acb,0,e0EaB6B2,2,ee1e441b,6039,pôlk,50,sôrçéry,"""lïvàblé rémàrkàblénéss"" <7009623876>",1,0,15,F64759EC,1,de_DE,4871,1,email@example.com,default,default,from-extern
6040,1,Supervisor,sip,6040,bàttlér,1,6207006292,d8e2196D,0,5D33FBd7,4,4eaf1A66,6040,màrrïàgé's,30,pôténtïàlïtïés,"""prôpéllànt néùrôpsyçhïàtrïç"" <4031987127>",1,1,59,53b0BC1A,1,fr_CA,3522,1,email@example.com,default,default,from-extern
6041,1,Supervisor,sccp,6041,môndày,1,8448455490,,1,,5,74Eb03c8,6041,pôts,20,léàvéd,"""jôùsts pér"" <2634428073>",1,0,46,023FEabb,0,fr_FR,7131,0,email@example.com,default,default,from-extern
6042,1,Agent,sip,6042,réfùélïng,0,9594521443,,0,,9,bCD3bBca,6042,thùndérshôwér,25,bréézïly,"""lïnén tééth"" <1047804725>",0,0,40,Dff2a1Db,0,fr_CA,0542,0,email@example.com,default,default,from-extern
6043,1,Supervisor,sccp,6043,pùshbùttôn,1,1704226633,,1,,15,efD9ee30,6043,lôwérs,35,àsséssôr,"""àspïràtïng fïrïng"" <4983757097>",0,0,10,aB0F8939,1,de_DE,8999,0,email@example.com,default,default,from-extern
6044,1,Switchboard,sip,6044,hômôgénéïtïés,1,6687504077,Ede3B857,1,F98A2b6e,17,8ED0DBfD,6044,çéntrôïd,45,wôrthïngtôn,"""màïnlïné sôçïàl"" <2827042372>",0,0,12,6Cf778FE,1,fr_FR,7599,1,email@example.com,default,default,from-extern
6045,1,Agent,sip,6045,dïébôld,0,7107793900,,1,,18,a70F4CF9,6045,çàllàhàn,50,séé,"""shïlôh çômédïés"" <7499315498>",1,1,45,b21D5bF3,1,fr_CA,5365,1,email@example.com,default,default,from-extern
6046,1,Agent,sccp,6046,pàtty's,0,4641698597,,1,,5,e1C56D03,6046,àllégïànçé,35,téstïçlés,"""prôbàtïôn àndérs"" <0112309841>",1,1,43,Da88e970,1,de_DE,2293,0,email@example.com,default,default,from-extern
6047,1,Agent,sccp,6047,fràçtùrïng,1,8905995976,,0,,1,2227fccc,6047,ràspïng,35,tïtlés,"""fïérçér péppérïng"" <3463851789>",1,1,29,989b003F,0,de_DE,3939,0,email@example.com,default,default,from-extern
6048,1,Switchboard,sip,6048,ïntérïôrs,1,5569068437,E3b7DcBa,1,94Cb6042,15,B63c6dCD,6048,fàrçïçàl,55,àshlànd,"""çhàràçtérïzàtïôn éxtràvàgànt"" <6275156314>",0,0,40,62B21AAf,1,en_US,6132,1,email@example.com,default,default,from-extern
6049,1,Agent,sccp,6049,mùsçùlàtùré,0,8339569440,,0,,8,3a16a2dF,6049,hôllànd,30,çùstômïzérs,"""lùkéwàrm sàràn"" <0561985153>",1,1,52,A2fb3F2C,0,fr_FR,4215,1,email@example.com,default,default,from-extern
6050,1,Client,sccp,6050,màmmàl's,1,2704813915,,0,,10,EC4E613F,6050,mànàgéménts,45,plàntïng,"""jùstïnïàn mànùfàçtùrérs"" <0038275366>",1,1,51,D41196eB,0,de_DE,1827,0,email@example.com,default,default,from-extern
6051,1,Agent,sip,6051,pàllàdïùm,1,0675033198,BbcC98AF,1,59EbaE25,2,6cb72Eb0,6051,régùrgïtàté,5,çlïçhé's,"""théréàt çôntràçtôrs"" <0350650962>",1,1,4,CCa14ca4,0,en_US,3636,0,email@example.com,default,default,from-extern
6052,1,Agent,sip,6052,ôbsçùrïtïés,0,2649189995,,0,,2,E28C18BC,6052,mïràçlés,25,défïnïtïôn,"""prôgréssïvély mérrïly"" <5584418434>",1,0,42,2Bea0a4A,1,fr_CA,8685,0,email@example.com,default,default,from-extern
6053,1,Switchboard,sip,6053,ôléômàrgàrïné,1,1479795654,bD4BAbbF,1,cdbc50d0,6,D3d3BdfD,6053,spôrts,15,flôùrïsh,"""démùrrér fàsténïngs"" <6251825278>",1,0,59,3a509D3E,0,de_DE,3239,1,email@example.com,default,default,from-extern
6054,1,Supervisor,sip,6054,ïndéntàtïôn,1,7719921334,,1,,19,AaaFD0A9,6054,rééléd,5,àllôt,"""ôvénbïrd jànïtôrs"" <8380958247>",1,1,20,8AF120e2,0,fr_CA,1178,0,email@example.com,default,default,from-extern
6055,1,Client,sccp,6055,bàllfïéld,0,6666711286,,1,,14,68fEb2Fb,6055,pôwdér,25,trànspôsïtïôn,"""léntïls àppéndïçïtïs"" <8027749470>",1,1,10,cc7bdB8F,1,fr_CA,2417,0,email@example.com,default,default,from-extern
6056,1,Agent,sccp,6056,dïsçïplé,0,6981229981,,0,,10,28BEEf1c,6056,ràbblé,55,çrïspnéss,"""çônfïné ôppréssïvé"" <9316078408>",1,1,28,E9E8b5e8,1,de_DE,5894,0,email@example.com,default,default,from-extern
6057,1,Supervisor,sip,6057,frïçàtïôn,1,9005105846,,1,,1,60B39fFc,6057,brômfïéld,15,çhùmmïng,"""téçhnïçïàns ràt"" <2842777912>",0,0,18,94ef0c2f,0,en_US,6060,0,email@example.com,default,default,from-extern
6058,1,Agent,sip,6058,pùlsés,0,4007260247,,1,,18,737e6FB4,6058,àdmïréd,5,léggy,"""gàrnïsh stùdïôùsly"" <8944756400>",0,1,40,Dc79eCe2,1,fr_CA,9520,1,email@example.com,default,default,from-extern
6059,1,Switchboard,sccp,6059,kïlléd,1,7125553614,,1,,17,4DeB69dB,6059,kïrklànd,5,àçqùïsïtïôns,"""àrçhàïsm gàgglé"" <2756237542>",1,1,41,416cA43A,0,fr_CA,8339,0,email@example.com,default,default,from-extern
6060,1,Switchboard,sccp,6060,éxtrànéôùs,0,6576912060,,0,,3,6a4e9e7e,6060,prôséçùtéd,5,bôômïng,"""thàwéd çàlïbràtéd"" <3025901781>",1,0,30,30b57bBE,0,fr_FR,9126,1,email@example.com,default,default,from-extern
6061,1,Client,sip,6061,sùbjéçtïôn,0,8793522886,23C2FcD1,0,CAe9D380,18,6a41bf52,6061,àdvérsàry,5,déçàdé's,"""màrïôn séptùm"" <4615055039>",1,0,6,Ff6f8e24,1,de_DE,7957,1,email@example.com,default,default,from-extern
6062,1,Client,sccp,6062,màïns,0,5553129551,,1,,6,7A7BAbB3,6062,swééténïng,10,tàxïïng,"""défàùltéd ïllùmïnàtïôn"" <7614821845>",0,1,2,f6EB4BCe,1,fr_CA,4199,0,email@example.com,default,default,from-extern
6063,1,Supervisor,sccp,6063,gàllïvànt,0,7783829831,,0,,10,FBBe1bb2,6063,çàbïnét,25,çhùb,"""fôréhéàd gùàràntéés"" <8199906993>",1,0,12,1f8e61eE,1,de_DE,5913,0,email@example.com,default,default,from-extern
6064,1,Switchboard,sip,6064,dénny,0,9783751351,c66e6f4d,0,DF765cEe,2,C1E1DBBd,6064,stùrdy,30,çïrçùmspéçtly,"""jôséphsôn dréssy"" <4041393264>",0,1,43,593B3eeB,0,en_US,8118,0,email@example.com,default,default,from-extern
6065,1,Supervisor,sip,6065,mïssy,1,4712980223,,0,,11,dd96b4A1,6065,shrïné's,15,çrôny,"""éxpùngïng wïgmàké"" <1758489743>",1,1,36,8C7cB0Ef,0,fr_FR,4157,1,email@example.com,default,default,from-extern
6066,1,Agent,sccp,6066,àïdéd,0,5638980149,,0,,10,f4F3bFFa,6066,skïff,25,ôççùpànt,"""plùtôn çàùsàtïôns"" <8648838096>",0,1,51,F3b99dAb,1,en_US,8928,0,email@example.com,default,default,from-extern
6067,1,Agent,sccp,6067,pùnïshéd,0,6421571535,,0,,8,ee41008e,6067,sàvônàrôlà,25,éxçrété,"""ns çygnùs"" <6078675050>",1,0,45,B9446B51,1,en_US,3680,1,email@example.com,default,default,from-extern
6068,1,Switchboard,sip,6068,sçôùndrél's,1,8528682329,,0,,16,9e5e63D6,6068,fàngléd,30,çhùbby,"""çhàrtrés bàyôùs"" <4623694799>",1,1,17,aDa0001D,1,de_DE,8099,0,email@example.com,default,default,from-extern
6069,1,Supervisor,sip,6069,éntrùstéd,0,3815663521,4f4a49Aa,1,70bc18bA,3,1c1dbbdc,6069,àçrôss,0,àttàïnmént's,"""fïftéén lïstïngs"" <8104345268>",0,1,5,3B9e994B,1,fr_FR,6337,1,email@example.com,default,default,from-extern
6070,1,Switchboard,sccp,6070,ùndértôôk,0,4116593193,,1,,18,C48aA11A,6070,àçtréssés,35,fôld,"""thôùsànds ïnvéstïgàtïng"" <2183494077>",1,0,36,0FAa4ED1,0,de_DE,2095,0,email@example.com,default,default,from-extern
6071,1,Switchboard,sip,6071,màdéïrà,1,9930661031,,1,,15,19BdF6Fb,6071,ïnfôrmàlly,40,dràgôôn,"""çlïmàtïçàlly sçàndïùm"" <1854762984>",0,0,48,F6A5facF,0,fr_FR,8888,0,email@example.com,default,default,from-extern
6072,1,Client,sccp,6072,àbàbà,1,0701123471,,0,,4,FaAF9aa8,6072,psyçhômétrïç,25,dôllïés,"""rànkïné préçéss"" <1599407608>",0,0,13,A7e1cA4F,0,fr_CA,0254,0,email@example.com,default,default,from-extern
6073,1,Client,sip,6073,mystérïôùsly,1,9192168954,182DD88b,1,101FDbef,8,FB0df5EA,6073,fàtténérs,45,môws,"""tïré blôndés"" <1160727728>",0,0,51,CDD9239a,1,de_DE,4355,0,email@example.com,default,default,from-extern
6074,1,Client,sip,6074,àrçàdé,0,1746433355,,0,,17,AEF13226,6074,hàvén't,55,jéstér,"""çàlçùlàtôrs àrtérïôlàr"" <8875267161>",0,0,2,DCC40dFA,1,en_US,5205,1,email@example.com,default,default,from-extern
6075,1,Agent,sip,6075,rïsén,1,2953650809,A2abc53c,1,BBD4B9CD,19,8C98a51B,6075,slôt's,55,blàstïng,"""ùndïd mànzànïtà"" <8300744656>",1,1,55,7deCfaee,1,fr_CA,7214,0,email@example.com,default,default,from-extern
6076,1,Agent,sip,6076,àçïdïtïés,1,1558599899,4AaDbd3f,0,492E5AaC,2,FFBC9d4F,6076,bùmblérs,45,dïslôçàtïng,"""màgïç çhàstïsïng"" <5339674369>",1,1,20,AAd4d48a,0,fr_CA,3806,1,email@example.com,default,default,from-extern
6077,1,Supervisor,sccp,6077,pônçhàrtràïn,1,1896969528,,0,,17,F78be47C,6077,pàçémàké,10,gnômôn,"""ôwnér prïmér"" <2164708230>",0,0,5,AfcCE908,0,de_DE,8730,1,email@example.com,default,default,from-extern
6078,1,Switchboard,sip,6078,brïbés,0,0217030874,7173B75C,1,936eF8Cc,11,BF6f9375,6078,pông,5,rùmply,"""démôgràphïç stàtén"" <4530559886>",0,1,25,28683fd8,1,de_DE,5107,0,email@example.com,default,default,from-extern
6079,1,Supervisor,sip,6079,vérnôn,0,1034376136,DECcEA8e,1,0Ed5Ac3e,16,3bc4f21D,6079,véndôr,10,jùstïfïçàtïôn,"""trùmp frédérïçk"" <2561807242>",0,1,15,C3f772B6,0,fr_FR,2555,1,email@example.com,default,default,from-extern
6080,1,Agent,sip,6080,séttlémént's,1,7833805278,ae93efFC,0,BB48fcba,9,f930bC39,6080,çôwhïdé,20,hùnks,"""sénsôry bôbwhïtés"" <5518568423>",0,1,33,B44C7E4a,0,en_US,1085,1,email@example.com,default,default,from-extern
6081,1,Switchboard,sip,6081,léçtùré,0,6061244300,,0,,17,ce8d7D7A,6081,bàbél,40,sàllôw,"""ànnùlùs àddréssér"" <2221619446>",0,0,11,839F0081,1,fr_CA,2839,1,email@example.com,default,default,from-extern
6082,1,Supervisor,sip,6082,dôzé,0,4373691818,1379A309,1,CbaCFF2D,18,bA05d261,6082,sçràm,0,çrystàls,"""gàmblé rïvérïné"" <1900609331>",0,1,43,346BD3B5,1,de_DE,7911,0,email@example.com,default,default,from-extern
6083,1,Client,sip,6083,àspïdïstrà,1,9530129506,DCb279c1,0,AfAf8fDA,10,a1Cf28E2,6083,éjàçùlàtïôn,0,bréwstér,"""réplàçéàblé àbrïdgés"" <5629918302>",1,0,39,189B2A52,0,en_US,4782,0,email@example.com,default,default,from-extern
6084,1,Client,sccp,6084,hùgé,0,7147270130,,0,,1,CE2efb4E,6084,àrtïfïçïàlïtïés,0,dïssôçïàblé,"""strày mïllïséçônd"" <5891360123>",0,1,26,EE2Fb9cC,1,fr_FR,8311,1,email@example.com,default,default,from-extern
6085,1,Supervisor,sccp,6085,smùg,0,8651348133,,1,,5,05eAAD7f,6085,dïstïllérs,10,dùbhé,"""réd ùnïdïréçtïônàl"" <9440688846>",1,1,26,4CC2AB0E,0,en_US,1122,1,email@example.com,default,default,from-extern
6086,1,Agent,sccp,6086,wàgér,0,0640542037,,1,,11,E7D2AcAC,6086,pàwn's,30,qùéstéd,"""rédôùnd évàpôràtïng"" <4074987331>",0,1,31,FAeAcdD4,0,de_DE,9257,1,email@example.com,default,default,from-extern
6087,1,Agent,sip,6087,çàntïçlé,0,9158068480,29B644a2,1,12AF4c0c,13,9cfC1bd6,6087,yôrk,30,hàndïçàps,"""dénts lôçàtïôns"" <3316776120>",1,0,40,e7dD9538,0,de_DE,4173,1,email@example.com,default,default,from-extern
6088,1,Agent,sip,6088,bùddy,1,0579098782,,0,,3,2Bf645ac,6088,sqùàwkéd,50,prïnçïplés,"""éxhùmé àdvànçémént"" <9883362157>",0,1,47,8Fec8350,1,en_US,4177,1,email@example.com,default,default,from-extern
6089,1,Client,sip,6089,smélls,0,6345142859,DbDeB391,0,A404C4Bf,12,69e93d1b,6089,çémétéry,40,géndérs,"""dïn gùlpéd"" <8162821235>",1,0,42,77ba75bD,0,fr_FR,9155,1,email@example.com,default,default,from-extern
6090,1,Agent,sip,6090,éxtrôvért,0,0409869660,,1,,1,e3Da3731,6090,ténsé,35,dïàléçt's,"""pôténtïàl ôrïénts"" <6422926322>",1,0,22,b0399Dd6,0,en_US,3051,1,email@example.com,default,default,from-extern
6091,1,Agent,sip,6091,ùnévéntfùl,0,2593142119,,1,,18,8aE77eca,6091,dérélïçt,15,trànsvérsé,"""çhàstïty bànshéés"" <0835462235>",0,1,6,8EABE87b,0,fr_FR,8452,0,email@example.com,default,default,from-extern
6092,1,Supervisor,sccp,6092,bréàkôff,1,8535970283,,0,,9,Aa0Cf8a4,6092,bràtwùrst,40,àbstrùsé,"""àdàptïvé àdvànçé"" <2549708459>",1,0,46,bAeeAe3F,1,fr_CA,8022,1,email@example.com,default,default,from-extern
6093,1,Switchboard,sip,6093,àïrdrôps,0,8819841150,27595018,1,feDFeB0b,3,AccE6F9f,6093,dïéts,15,làndfïll,"""bïttér môssy"" <4888224145>",1,1,4,4DDc0AED,1,en_US,4171,0,email@example.com,default,default,from-extern
6094,1,Switchboard,sip,6094,drénçhéd,1,9486751838,02c5c6Bf,0,Da7c76Eb,17,808cF43d,6094,làzïést,20,çhôïr's,"""bràtwùrst pùshéd"" <4849035579>",1,0,2,632efEBb,1,de_DE,0331,1,email@example.com,default,default,from-extern
6095,1,Agent,sip,6095,stéréô's,1,1879583191,ae1F7f1C,0,3Eed5b08,19,6Ac4fBCB,6095,àùtôbïôgràphïés,35,ôvéràll,"""brïéfést çônsïdéréd"" <8271020529>",0,1,7,8AE70Ff0,1,fr_CA,3934,0,email@example.com,default,default,from-extern
6096,1,Agent,sip,6096,àdsôrptïôn,0,8845585787,,0,,20,B1569Adb,6096,gùïdélïnés,5,àçérbïç,"""qwértz çôpôlymér"" <2531376252>",0,1,42,932EC9ce,1,de_DE,8002,1,email@example.com,default,default,from-extern
6097,1,Switchboard,sip,6097,çôùsïn's,1,4144042695,f3cf406F,1,81FcEC01,7,CdFceb5d,6097,éntïçïng,10,prélïmïnàrïés,"""àylésbùry gàdgétry"" <6670069539>",1,0,1,CEeB66Ab,0,fr_CA,8435,0,email@example.com,default,default,from-extern
6098,1,Switchboard,sip,6098,àppréhénsïôn,0,3513995121,Eef287cb,1,0FBcC7BF,8,16BFDDB7,6098,wàrmér,55,sàdïstïç,"""bàlçôny gùàràntéé"" <1365914616>",1,1,22,83B2147d,1,en_US,6686,0,email@example.com,default,default,from-extern
6099,1,Switchboard,sccp,6099,pénïnsùlàs,1,0765269907,,0,,18,fC7daA34,6099,ïsôtôpé,40,éndôws,"""lôôp ôïlïng"" <0411746735>",0,1,51,ca6A3F5E,0,en_US,3151,0,email@example.com,default,default,from-extern

